module,design,outcome,method,N,m_N,f,B,R,S,coverage,mcse,avg_length,skew,kurtosis,periodicity,lambda_N,variance_ratio,endpoint_diff
cra_sampling,CRA,continuous,gaussian,3600,3600,0.5,5,400,,0.9505,0.004850244839180801,0.4792594970186128,0.14038014261806797,0.01407887124290097,,,,
cra_sampling,CRA,continuous,cornish_fisher,3600,3600,0.5,5,400,,0.95,0.004873397172404485,0.4792594970186128,0.14038014261806797,0.01407887124290097,,,,
cra_sampling,CRA,continuous,calibrated,3600,3600,0.5,5,400,,0.9495,0.0048964145045124596,0.4940229859902971,0.14038014261806797,0.01407887124290097,,,,
cra_sampling,CRA,continuous,gaussian,4000,4000,0.5,5,400,,0.9545,0.004659922209651143,0.44925958442623953,0.11774589224844001,-0.12405460977469263,,,,
cra_sampling,CRA,continuous,cornish_fisher,4000,4000,0.5,5,400,,0.953,0.004732388403332932,0.44925958442623953,0.11774589224844001,-0.12405460977469263,,,,
cra_sampling,CRA,continuous,calibrated,4000,4000,0.5,5,400,,0.957,0.004536022486716751,0.46962136420741474,0.11774589224844001,-0.12405460977469263,,,,
